SerialN,Name,Ratings,Price,Condition,Date
SerialN,Name,Ratings,Price,Condition,Date
1_tablet,Power Dealz,4.5 out of 5 stars,"Rs. 3,678.00",New,2016-04-15
1_tablet,Not Available,4.5 out of 5 stars,"Rs. 3,695.00",New,2016-04-15
1_tablet,D DAILY NEED FBA SLP,4 out of 5 stars,"Rs. 3,695.00",New,2016-04-15
1_tablet,Gadgets_Guru,4.5 out of 5 stars,"Rs. 3,699.00",New,2016-04-15
1_tablet,Not Available,4.5 out of 5 stars,"Rs. 3,723.00",New,2016-04-15
1_tablet,TechnoCraft,4.5 out of 5 stars,"Rs. 3,750.00",New,2016-04-15
1_tablet,TheShoppersTrunk,4.5 out of 5 stars,"Rs. 3,759.00",New,2016-04-15
1_tablet,Not Available,4.5 out of 5 stars,"Rs. 3,830.00",New,2016-04-15
1_tablet,e9accessories,4.5 out of 5 stars,"Rs. 3,995.00",New,2016-04-15
1_tablet,gm cbe,1 out of 5 stars,"Rs. 4,000.00",New,2016-04-15
2_tablet,Not Available,4.5 out of 5 stars,"Rs. 2,749.00",New,2016-04-15
2_tablet,Not Available,4.5 out of 5 stars,"Rs. 2,905.00",New,2016-04-15
2_tablet,Not Available,4.5 out of 5 stars,"Rs. 2,907.00",New,2016-04-15
2_tablet,EasyBuy-SLP,4.5 out of 5 stars,"Rs. 2,909.00",New,2016-04-15
2_tablet,Winter Park,4 out of 5 stars,"Rs. 2,998.00",New,2016-04-15
2_tablet,Gadgets_Guru,4.5 out of 5 stars,"Rs. 2,999.00",New,2016-04-15
2_tablet,Not Available,4.5 out of 5 stars,"Rs. 2,999.00",New,2016-04-15
2_tablet,Techstoreindia,4.5 out of 5 stars,"Rs. 2,999.00",New,2016-04-15
2_tablet,DealsDray,4 out of 5 stars,"Rs. 2,999.00",New,2016-04-15
2_tablet,UNIVERSAL ENTERPRISEs,Not Available,"Rs. 2,999.00",New,2016-04-15
3_tablet,Not Available,4.5 out of 5 stars,"Rs. 4,499.00",New,2016-04-15
3_tablet,Not Available,4.5 out of 5 stars,"Rs. 4,499.00",New,2016-04-15
3_tablet,Gadgets_Guru,4.5 out of 5 stars,"Rs. 4,899.00",New,2016-04-15
3_tablet,Express Delivery Retail,4.5 out of 5 stars,"Rs. 4,999.00",New,2016-04-15
3_tablet,Electric Points,1 out of 5 stars,"Rs. 5,500.00",New,2016-04-15
4_tablet,Not Available,4.5 out of 5 stars,"Rs. 5,850.00",New,2016-04-15
4_tablet,Not Available,4.5 out of 5 stars,"Rs. 5,850.00",New,2016-04-15
4_tablet,PUSHPA RETAIL,4 out of 5 stars,"Rs. 6,449.00",New,2016-04-15
4_tablet,Not Available,4.5 out of 5 stars,"Rs. 6,999.00",New,2016-04-15
4_tablet,nexusitzone,4 out of 5 stars,"Rs. 7,299.00",New,2016-04-15
4_tablet,Sri Sai One Shop,Not Available,"Rs. 7,400.00",New,2016-04-15
4_tablet,Mtwravi2225,1 out of 5 stars,"Rs. 7,499.00",New,2016-04-15
4_tablet,CHAUDHARY ENTERPRISES,1 out of 5 stars,"Rs. 7,699.00",New,2016-04-15
4_tablet,CELL Q,Not Available,"Rs. 7,632.00",New,2016-04-15
5_tablet,Not Available,4.5 out of 5 stars,"Rs. 4,998.00",New,2016-04-15
5_tablet,Not Available,4.5 out of 5 stars,"Rs. 4,999.00",New,2016-04-15
6_tablet,Not Available,4.5 out of 5 stars,"Rs. 17,990.00",New,2016-04-15
6_tablet,Technoinc2013,5 out of 5 stars,"Rs. 17,989.00",New,2016-04-15
6_tablet,Not Available,3 out of 5 stars,"Rs. 18,940.00",New,2016-04-15
6_tablet,HUB OF LAPTOP,4 out of 5 stars,"Rs. 20,218.00",New,2016-04-15
6_tablet,APPLE BRAND STORE,4.5 out of 5 stars,"Rs. 20,499.00",New,2016-04-15
6_tablet,TECHONOMICS INDIA,4 out of 5 stars,"Rs. 20,790.00",New,2016-04-15
6_tablet,DSS-IT WORLD,3.5 out of 5 stars,"Rs. 20,790.00",New,2016-04-15
6_tablet,Not Available,4.5 out of 5 stars,"Rs. 20,790.00",New,2016-04-15
6_tablet,Not Available,4.5 out of 5 stars,"Rs. 20,790.00",New,2016-04-15
6_tablet,Not Available,4.5 out of 5 stars,"Rs. 20,790.00",New,2016-04-15
7_tablet,Not Available,4.5 out of 5 stars,"Rs. 14,999.00",New,2016-04-15
7_tablet,Not Available,4.5 out of 5 stars,"Rs. 14,999.00",New,2016-04-15
7_tablet,KESHAV TELETECH,Not Available,"Rs. 20,990.00",New,2016-04-15
8_tablet,Not Available,4.5 out of 5 stars,"Rs. 5,299.00",New,2016-04-15
8_tablet,Not Available,4.5 out of 5 stars,"Rs. 5,500.00",New,2016-04-15
8_tablet,Not Available,4.5 out of 5 stars,"Rs. 5,740.00",New,2016-04-15
9_tablet,COMPU MART,4.5 out of 5 stars,"Rs. 6,599.00",New,2016-04-15
9_tablet,Jay Computer Consultancy,3 out of 5 stars,"Rs. 6,730.00",New,2016-04-15
9_tablet,Not Available,4.5 out of 5 stars,"Rs. 6,881.00",New,2016-04-15
9_tablet,Best Electronic Seller,Not Available,"Rs. 7,290.00",New,2016-04-15
9_tablet,IT SALES,4.5 out of 5 stars,"Rs. 7,499.00",New,2016-04-15
9_tablet,Deal Com,3.5 out of 5 stars,"Rs. 8,460.00",New,2016-04-15
9_tablet,MURSHID,4 out of 5 stars,"Rs. 8,460.00",New,2016-04-15
9_tablet,International Ltd,Not Available,"Rs. 8,800.00",New,2016-04-15
9_tablet,Not Available,4 out of 5 stars,"Rs. 10,599.00",New,2016-04-15
9_tablet,Anjani Infoworld,Not Available,"Rs. 13,990.00",New,2016-04-15
10_tablet,D ROCKS,4 out of 5 stars,"Rs. 7,949.00",New,2016-04-15
10_tablet,Not Available,4.5 out of 5 stars,"Rs. 7,999.00",New,2016-04-15
11_tablet,Not Available,4.5 out of 5 stars,"Rs. 12,999.00",New,2016-04-15
11_tablet,Not Available,4.5 out of 5 stars,"Rs. 12,999.00",New,2016-04-15
11_tablet,Not Available,4.5 out of 5 stars,"Rs. 12,999.00",New,2016-04-15
12_tablet,Not Available,4.5 out of 5 stars,"Rs. 8,899.00",New,2016-04-15
12_tablet,Not Available,4.5 out of 5 stars,"Rs. 8,899.00",New,2016-04-15
12_tablet,Not Available,4.5 out of 5 stars,"Rs. 8,999.00",New,2016-04-15
12_tablet,Not Available,4.5 out of 5 stars,"Rs. 8,999.00",New,2016-04-15
12_tablet,Not Available,4.5 out of 5 stars,"Rs. 8,999.00",New,2016-04-15
13_tablet,Inspiron16,Not Available,"Rs. 11,207.00",New,2016-04-15
13_tablet,STAR INC_SLP,4 out of 5 stars,"Rs. 11,250.00",New,2016-04-15
13_tablet,Not Available,4.5 out of 5 stars,"Rs. 11,250.00",New,2016-04-15
13_tablet,Not Available,4.5 out of 5 stars,"Rs. 11,250.00",New,2016-04-15
13_tablet,Not Available,4.5 out of 5 stars,"Rs. 11,250.00",New,2016-04-15
13_tablet,Not Available,4 out of 5 stars,"Rs. 11,250.00",New,2016-04-15
13_tablet,Not Available,4.5 out of 5 stars,"Rs. 11,250.00",New,2016-04-15
13_tablet,SCPL SLP,4.5 out of 5 stars,"Rs. 11,250.00",New,2016-04-15
13_tablet,Ojas_BAN_SLC,5 out of 5 stars,"Rs. 11,250.00",New,2016-04-15
13_tablet,SHREE GANESH MOBILES HYD SLC,4.5 out of 5 stars,"Rs. 11,250.00",New,2016-04-15
14_tablet,Not Available,4 out of 5 stars,"Rs. 4,199.00",New,2016-04-15
14_tablet,Not Available,4.5 out of 5 stars,"Rs. 4,275.00",New,2016-04-15
14_tablet,Not Available,4.5 out of 5 stars,"Rs. 4,499.00",New,2016-04-15
14_tablet,e.barrow,5 out of 5 stars,"Rs. 4,599.00",New,2016-04-15
15_tablet,Not Available,4.5 out of 5 stars,"Rs. 7,882.00",New,2016-04-15
15_tablet,Not Available,4.5 out of 5 stars,"Rs. 9,786.00",New,2016-04-15
16_tablet,Tharakan Duty Paid,3.5 out of 5 stars,"Rs. 6,400.00",New,2016-04-15
16_tablet,Not Available,4.5 out of 5 stars,"Rs. 6,699.00",New,2016-04-15
16_tablet,shri vardhman electronics raipur,Not Available,"Rs. 6,699.00",New,2016-04-15
16_tablet,Not Available,4.5 out of 5 stars,"Rs. 6,799.00",New,2016-04-15
16_tablet,mobilearena,3.5 out of 5 stars,"Rs. 6,800.00",New,2016-04-15
16_tablet,Not Available,4.5 out of 5 stars,"Rs. 6,835.00",New,2016-04-15
16_tablet,Techstoreindia,4.5 out of 5 stars,"Rs. 6,835.00",New,2016-04-15
16_tablet,Not Available,4 out of 5 stars,"Rs. 6,840.00",New,2016-04-15
16_tablet,Winter Park,4 out of 5 stars,"Rs. 6,840.00",New,2016-04-15
16_tablet,Gadgets_Guru,4.5 out of 5 stars,"Rs. 6,849.00",New,2016-04-15
17_tablet,Not Available,4.5 out of 5 stars,"Rs. 5,135.00",New,2016-04-15
17_tablet,vijayasaienterprises,3.5 out of 5 stars,"Rs. 6,190.00",New,2016-04-15
17_tablet,ALLMOBILEPHONES,3.5 out of 5 stars,"Rs. 6,489.00",New,2016-04-15
17_tablet,Preeti Elect,Not Available,"Rs. 6,490.00",New,2016-04-15
17_tablet,Not Available,4.5 out of 5 stars,"Rs. 6,490.00",New,2016-04-15
17_tablet,akshaya mobiles,Not Available,"Rs. 6,400.00",New,2016-04-15
17_tablet,Sai Communication CHD,Not Available,"Rs. 6,666.00",New,2016-04-15
17_tablet,Tharakan Duty Paid,3.5 out of 5 stars,"Rs. 6,800.00",New,2016-04-15
17_tablet,mobilecafe online,5 out of 5 stars,"Rs. 6,900.00",New,2016-04-15
17_tablet,DOSHI ENTERPRISE,Not Available,"Rs. 19,999.00",New,2016-04-15
18_tablet,Winter Park,4 out of 5 stars,"Rs. 3,489.00",New,2016-04-15
18_tablet,PentaGram,3.5 out of 5 stars,"Rs. 3,489.00",New,2016-04-15
18_tablet,Goel Telecom D,4 out of 5 stars,"Rs. 4,400.00",New,2016-04-15
18_tablet,Not Available,4.5 out of 5 stars,"Rs. 4,499.00",New,2016-04-15
19_tablet,D ROCKS,4 out of 5 stars,"Rs. 37,995.00",New,2016-04-15
19_tablet,D DAILY NEED FBA SLP,4 out of 5 stars,"Rs. 37,995.00",New,2016-04-15
19_tablet,Big Lion Deals,4 out of 5 stars,"Rs. 37,999.00",New,2016-04-15
19_tablet,TECHONOMICS INDIA,4 out of 5 stars,"Rs. 38,584.00",New,2016-04-15
19_tablet,Not Available,5 out of 5 stars,"Rs. 38,900.00",New,2016-04-15
19_tablet,Trends Deals,Not Available,"Rs. 38,875.00",New,2016-04-15
19_tablet,APPLE TERMINAL,5 out of 5 stars,"Rs. 39,000.00",New,2016-04-15
19_tablet,Prinster Products,4 out of 5 stars,"Rs. 45,000.00",New,2016-04-15
20_tablet,Not Available,4.5 out of 5 stars,"Rs. 2,199.00",New,2016-04-15
20_tablet,Not Available,4.5 out of 5 stars,"Rs. 2,299.00",New,2016-04-15
21_tablet,Techstoreindia,4.5 out of 5 stars,"Rs. 16,440.00",New,2016-04-15
21_tablet,BIG RETAIL,4 out of 5 stars,"Rs. 16,440.00",New,2016-04-15
21_tablet,Computer 2000,3.5 out of 5 stars,"Rs. 16,990.00",New,2016-04-15
21_tablet,Not Available,4.5 out of 5 stars,"Rs. 17,829.00",New,2016-04-15
21_tablet,Not Available,4.5 out of 5 stars,"Rs. 18,452.00",New,2016-04-15
21_tablet,enigma infotech,1 out of 5 stars,"Rs. 19,000.00",New,2016-04-15
23_tablet,Not Available,4.5 out of 5 stars,"Rs. 3,200.00",New,2016-04-15
23_tablet,Not Available,4.5 out of 5 stars,"Rs. 3,216.00",New,2016-04-15
24_tablet,intouch2016,2 out of 5 stars,"Rs. 9,251.00",New,2016-04-15
25_tablet,Not Available,4 out of 5 stars,"Rs. 8,990.00",New,2016-04-15
25_tablet,KRSMEGH TRADING,3.5 out of 5 stars,"Rs. 8,960.06",New,2016-04-15
26_tablet,Not Available,4.5 out of 5 stars,"Rs. 17,900.00",New,2016-04-15
26_tablet,Not Available,4.5 out of 5 stars,"Rs. 17,900.00",New,2016-04-15
26_tablet,ITWORLD_CHE_SLC,4.5 out of 5 stars,"Rs. 17,900.00",New,2016-04-15
26_tablet,MOORTY AND SONS HYD SLC,Not Available,"Rs. 18,000.00",New,2016-04-15
26_tablet,Ojas_BAN_SLC,5 out of 5 stars,"Rs. 18,000.00",New,2016-04-15
26_tablet,SHREE GANESH MOBILES HYD SLC,4.5 out of 5 stars,"Rs. 18,000.00",New,2016-04-15
26_tablet,R.J.COMPUTERS,4 out of 5 stars,"Rs. 18,900.00",New,2016-04-15
26_tablet,Not Available,4.5 out of 5 stars,"Rs. 20,500.00",New,2016-04-15
27_tablet,mobilearena,3.5 out of 5 stars,"Rs. 3,950.00",New,2016-04-15
27_tablet,Not Available,4.5 out of 5 stars,"Rs. 3,995.00",New,2016-04-15
27_tablet,EasyBuy-SLP,4.5 out of 5 stars,"Rs. 3,995.00",New,2016-04-15
27_tablet,UNIVERSAL ENTERPRISEs,Not Available,"Rs. 3,999.00",New,2016-04-15
27_tablet,Perfect times mobile sale & service centre,Not Available,"Rs. 4,900.00",New,2016-04-15
27_tablet,Sunshine computers,1 out of 5 stars,"Rs. 5,000.00",New,2016-04-15
27_tablet,Express Delivery Retail,4.5 out of 5 stars,"Rs. 5,299.00",New,2016-04-15
27_tablet,Not Available,4.5 out of 5 stars,"Rs. 6,999.00",New,2016-04-15
28_tablet,N F B C_Retail,3 out of 5 stars,"Rs. 6,290.00",New,2016-04-15
28_tablet,ecomstars,4 out of 5 stars,"Rs. 6,399.00",New,2016-04-15
28_tablet,UNIVERSAL ENTERPRISEs,Not Available,"Rs. 6,399.00",New,2016-04-15
28_tablet,SHIVALIK COMPUTERS,Not Available,"Rs. 6,599.00",New,2016-04-15
28_tablet,Not Available,Not Available,"Rs. 7,000.00",New,2016-04-15
28_tablet,Computer 2000,3.5 out of 5 stars,"Rs. 7,399.00",New,2016-04-15
28_tablet,intouch2016,2 out of 5 stars,"Rs. 7,361.00",New,2016-04-15
28_tablet,Lap n Tab Store,1 out of 5 stars,"Rs. 7,470.00",New,2016-04-15
28_tablet,Digital Cafe,Not Available,"Rs. 7,800.00",New,2016-04-15
28_tablet,city29,Not Available,"Rs. 8,199.00",New,2016-04-15
29_tablet,Not Available,4.5 out of 5 stars,"Rs. 10,399.00",New,2016-04-15
29_tablet,Not Available,4.5 out of 5 stars,"Rs. 10,777.00",New,2016-04-15
29_tablet,Not Available,4.5 out of 5 stars,"Rs. 10,999.00",New,2016-04-15
29_tablet,Not Available,4.5 out of 5 stars,"Rs. 10,999.00",New,2016-04-15
29_tablet,Not Available,4.5 out of 5 stars,"Rs. 13,224.00",New,2016-04-15
29_tablet,SudershanElectronics,Not Available,"Rs. 16,500.00",New,2016-04-15
29_tablet,Not Available,4.5 out of 5 stars,"Rs. 17,999.00",New,2016-04-15
30_tablet,Not Available,4 out of 5 stars,"Rs. 17,900.00",New,2016-04-15
30_tablet,Not Available,4.5 out of 5 stars,"Rs. 17,900.00",New,2016-04-15
30_tablet,Not Available,4.5 out of 5 stars,"Rs. 17,900.00",New,2016-04-15
30_tablet,Not Available,4.5 out of 5 stars,"Rs. 17,900.00",New,2016-04-15
30_tablet,Not Available,4.5 out of 5 stars,"Rs. 17,900.00",New,2016-04-15
30_tablet,Not Available,4 out of 5 stars,"Rs. 17,900.00",New,2016-04-15
30_tablet,Not Available,4 out of 5 stars,"Rs. 17,900.00",New,2016-04-15
30_tablet,SURYA VISTACOM PVT LTD_KOL_SLC,4.5 out of 5 stars,"Rs. 17,900.00",New,2016-04-15
30_tablet,ITWORLD_CHE_SLC,4.5 out of 5 stars,"Rs. 17,900.00",New,2016-04-15
30_tablet,Not Available,4.5 out of 5 stars,"Rs. 18,000.00",New,2016-04-15
31_tablet,intouch2016,2 out of 5 stars,"Rs. 5,255.00",New,2016-04-15
31_tablet,SHIVALIK COMPUTERS,Not Available,"Rs. 5,499.00",New,2016-04-15
33_tablet,Not Available,4.5 out of 5 stars,"Rs. 3,150.00",New,2016-04-15
33_tablet,Not Available,4.5 out of 5 stars,"Rs. 3,158.00",New,2016-04-15
34_tablet,Big Lion Deals,4 out of 5 stars,"Rs. 31,000.00",New,2016-04-15
34_tablet,TECHONOMICS INDIA,4 out of 5 stars,"Rs. 31,078.00",New,2016-04-15
34_tablet,Not Available,4.5 out of 5 stars,"Rs. 31,462.00",New,2016-04-15
34_tablet,Not Available,5 out of 5 stars,"Rs. 31,900.00",New,2016-04-15
34_tablet,Gadgets Online,3.5 out of 5 stars,"Rs. 31,900.00",New,2016-04-15
34_tablet,APPLE TERMINAL,5 out of 5 stars,"Rs. 33,700.00",New,2016-04-15
34_tablet,CaymanSquare,4.5 out of 5 stars,"Rs. 34,545.00",New,2016-04-15
34_tablet,Not Available,4 out of 5 stars,"Rs. 35,149.00",New,2016-04-15
34_tablet,ekta mobiles,3.5 out of 5 stars,"Rs. 35,900.00",New,2016-04-15
35_tablet,Big Lion Deals,4 out of 5 stars,"Rs. 47,500.00",New,2016-04-15
35_tablet,Not Available,4.5 out of 5 stars,"Rs. 47,990.00",New,2016-04-15
35_tablet,APPLE TERMINAL,5 out of 5 stars,"Rs. 49,000.00",New,2016-04-15
35_tablet,Gadgets Online,3.5 out of 5 stars,"Rs. 49,000.00",New,2016-04-15
35_tablet,Notronics,Not Available,"Rs. 52,499.00",New,2016-04-15
36_tablet,Not Available,4.5 out of 5 stars,"Rs. 7,099.00",New,2016-04-15
36_tablet,Not Available,4.5 out of 5 stars,"Rs. 7,250.00",New,2016-04-15
36_tablet,Sabrimala Leasing and Holdings Limited_SLP,4 out of 5 stars,"Rs. 7,349.00",New,2016-04-15
36_tablet,Not Available,4.5 out of 5 stars,"Rs. 7,449.00",New,2016-04-15
36_tablet,N F B C_Retail,3 out of 5 stars,"Rs. 7,369.00",New,2016-04-15
36_tablet,BIG RETAIL,4 out of 5 stars,"Rs. 8,382.00",New,2016-04-15
36_tablet,INFINITE DEALS,Not Available,"Rs. 8,999.00",New,2016-04-15
36_tablet,intouch2016,2 out of 5 stars,"Rs. 9,035.00",New,2016-04-15
36_tablet,Sunshine computers,1 out of 5 stars,"Rs. 9,300.00",New,2016-04-15
36_tablet,Not Available,4.5 out of 5 stars,"Rs. 9,699.00",New,2016-04-15
38_tablet,Techstoreindia,4.5 out of 5 stars,"Rs. 9,900.00",New,2016-04-15
38_tablet,Not Available,4.5 out of 5 stars,"Rs. 9,900.00",New,2016-04-15
38_tablet,Not Available,4.5 out of 5 stars,"Rs. 9,900.00",New,2016-04-15
38_tablet,MAX PENTA,Not Available,"Rs. 10,800.00",New,2016-04-15
38_tablet,Not Available,4.5 out of 5 stars,"Rs. 11,999.00",New,2016-04-15
38_tablet,Not Available,4.5 out of 5 stars,"Rs. 12,501.00",New,2016-04-15
39_tablet,Patel Infotech,4.5 out of 5 stars,"Rs. 72,600.00",New,2016-04-15
39_tablet,Big Deals India,4 out of 5 stars,"Rs. 72,900.00",New,2016-04-15
39_tablet,cellphonebadloo,4 out of 5 stars,"Rs. 74,500.00",New,2016-04-15
39_tablet,Not Available,4.5 out of 5 stars,"Rs. 87,999.00",New,2016-04-15
39_tablet,Not Available,4.5 out of 5 stars,"Rs. 90,500.00",New,2016-04-15
39_tablet,TECHONOMICS INDIA,4 out of 5 stars,"Rs. 91,100.00",New,2016-04-15
39_tablet,APPLE TERMINAL,5 out of 5 stars,"Rs. 91,000.00",New,2016-04-15
39_tablet,Not Available,4.5 out of 5 stars,"Rs. 91,900.00",New,2016-04-15
39_tablet,CaymanSquare,4.5 out of 5 stars,"Rs. 99,900.00",New,2016-04-15
40_tablet,mobilearena,3.5 out of 5 stars,"Rs. 5,100.00",New,2016-04-15
40_tablet,Techstoreindia,4.5 out of 5 stars,"Rs. 5,350.00",New,2016-04-15
40_tablet,CLOUD ETAIL,4.5 out of 5 stars,"Rs. 5,390.00",New,2016-04-15
40_tablet,NEEL ENTERPRISES,3.5 out of 5 stars,"Rs. 5,590.00",New,2016-04-15
40_tablet,Anand Infotech,Not Available,"Rs. 5,500.00",New,2016-04-15
40_tablet,Balaji IT Platform,Not Available,"Rs. 5,899.00",New,2016-04-15
40_tablet,Not Available,4.5 out of 5 stars,"Rs. 6,099.00",New,2016-04-15
40_tablet,Not Available,4.5 out of 5 stars,"Rs. 6,399.00",New,2016-04-15
40_tablet,EDUVILLE PRIVATE LIMITED STORE,1 out of 5 stars,"Rs. 6,800.00",New,2016-04-15
41_tablet,Not Available,4.5 out of 5 stars,"Rs. 31,900.00",New,2016-04-15
41_tablet,Not Available,5 out of 5 stars,"Rs. 31,900.00",New,2016-04-15
41_tablet,APPLE TERMINAL,5 out of 5 stars,"Rs. 32,000.00",New,2016-04-15
41_tablet,Notronics,Not Available,"Rs. 35,499.00",New,2016-04-15
42_tablet,Not Available,4 out of 5 stars,"Rs. 16,900.00",New,2016-04-15
42_tablet,Not Available,4.5 out of 5 stars,"Rs. 16,900.00",New,2016-04-15
42_tablet,Not Available,4.5 out of 5 stars,"Rs. 16,900.00",New,2016-04-15
42_tablet,Ojas_BAN_SLC,5 out of 5 stars,"Rs. 16,900.00",New,2016-04-15
42_tablet,SHREE GANESH MOBILES HYD SLC,4.5 out of 5 stars,"Rs. 16,900.00",New,2016-04-15
42_tablet,ITWORLD_CHE_SLC,4.5 out of 5 stars,"Rs. 16,900.00",New,2016-04-15
42_tablet,MOORTY AND SONS HYD SLC,Not Available,"Rs. 16,900.00",New,2016-04-15
42_tablet,Not Available,4.5 out of 5 stars,"Rs. 17,200.00",New,2016-04-15
42_tablet,R.J.COMPUTERS,4 out of 5 stars,"Rs. 17,900.00",New,2016-04-15
42_tablet,TRADUS  MOBILE,2.5 out of 5 stars,"Rs. 19,800.00",New,2016-04-15
43_tablet,Not Available,4.5 out of 5 stars,"Rs. 6,089.00",New,2016-04-15
43_tablet,Not Available,4.5 out of 5 stars,"Rs. 6,498.00",New,2016-04-15
43_tablet,Unique@Seller-FBA-SLP,4.5 out of 5 stars,"Rs. 6,499.00",New,2016-04-15
43_tablet,Winter Park,4 out of 5 stars,"Rs. 6,799.00",New,2016-04-15
43_tablet,bharat telecom,3 out of 5 stars,"Rs. 6,350.00",New,2016-04-15
43_tablet,Not Available,4.5 out of 5 stars,"Rs. 7,299.00",New,2016-04-15
44_tablet,Not Available,4.5 out of 5 stars,"Rs. 3,899.00",New,2016-04-15
44_tablet,SUPER DEALS  24X7,4.5 out of 5 stars,"Rs. 3,899.00",New,2016-04-15
44_tablet,Not Available,4.5 out of 5 stars,"Rs. 3,947.00",New,2016-04-15
44_tablet,Not Available,4.5 out of 5 stars,"Rs. 4,090.00",New,2016-04-15
44_tablet,Mtwravi2225,1 out of 5 stars,"Rs. 4,099.00",New,2016-04-15
45_tablet,DKonline,4 out of 5 stars,"Rs. 7,870.00",New,2016-04-15
45_tablet,e9accessories,4.5 out of 5 stars,"Rs. 7,870.00",New,2016-04-15
45_tablet,COMPU MART,4.5 out of 5 stars,"Rs. 7,870.00",New,2016-04-15
45_tablet,Not Available,4.5 out of 5 stars,"Rs. 7,870.00",New,2016-04-15
45_tablet,Not Available,4.5 out of 5 stars,"Rs. 7,870.00",New,2016-04-15
45_tablet,A1Price A1Products,4.5 out of 5 stars,"Rs. 7,870.00",New,2016-04-15
45_tablet,RAJARSHI,4.5 out of 5 stars,"Rs. 7,880.00",New,2016-04-15
45_tablet,Not Available,4.5 out of 5 stars,"Rs. 7,899.00",New,2016-04-15
45_tablet,Rainbow Computers,4.5 out of 5 stars,"Rs. 7,920.00",New,2016-04-15
45_tablet,Not Available,4.5 out of 5 stars,"Rs. 7,925.00",New,2016-04-15
46_tablet,APPLE TERMINAL,5 out of 5 stars,"Rs. 38,700.00",New,2016-04-15
46_tablet,TECHONOMICS INDIA,4 out of 5 stars,"Rs. 38,799.00",New,2016-04-15
46_tablet,SRSG World Wide,Not Available,"Rs. 38,747.00",New,2016-04-15
46_tablet,Not Available,4.5 out of 5 stars,"Rs. 38,900.00",New,2016-04-15
46_tablet,Gadgets Online,3.5 out of 5 stars,"Rs. 40,500.00",New,2016-04-15
46_tablet,Notronics,Not Available,"Rs. 41,899.00",New,2016-04-15
47_tablet,Not Available,4.5 out of 5 stars,"Rs. 26,099.00",New,2016-04-15
47_tablet,Not Available,4.5 out of 5 stars,"Rs. 26,099.00",New,2016-04-15
47_tablet,Not Available,5 out of 5 stars,"Rs. 26,900.00",New,2016-04-15
47_tablet,APPLE TERMINAL,5 out of 5 stars,"Rs. 27,950.00",New,2016-04-15
50_tablet,ITWORLD_CHE_SLC,4.5 out of 5 stars,"Rs. 38,500.00",New,2016-04-15
50_tablet,Not Available,4.5 out of 5 stars,"Rs. 39,400.00",New,2016-04-15
50_tablet,Not Available,4.5 out of 5 stars,"Rs. 39,400.00",New,2016-04-15
50_tablet,ARROW 18_CHE_SLC,1 out of 5 stars,"Rs. 39,400.00",New,2016-04-15
50_tablet,SURYA VISTACOM PVT LTD_KOL_SLC,4.5 out of 5 stars,"Rs. 39,400.00",New,2016-04-15
50_tablet,SHREE GANESH MOBILES HYD SLC,4.5 out of 5 stars,"Rs. 39,400.00",New,2016-04-15
51_tablet,e9accessories,4.5 out of 5 stars,"Rs. 9,399.00",New,2016-04-15
51_tablet,Madurai sun cell,Not Available,"Rs. 19,999.00",New,2016-04-15
52_tablet,shri vardhman electronics raipur,Not Available,"Rs. 3,600.00",New,2016-04-15
52_tablet,Not Available,4.5 out of 5 stars,"Rs. 4,290.00",New,2016-04-15
52_tablet,Not Available,4.5 out of 5 stars,"Rs. 4,480.00",New,2016-04-15
52_tablet,Not Available,4.5 out of 5 stars,"Rs. 4,719.00",New,2016-04-15
53_tablet,SUPER DEALS  24X7,4.5 out of 5 stars,"Rs. 4,119.00",New,2016-04-15
53_tablet,I Retail,Not Available,"Rs. 4,258.00",New,2016-04-15
53_tablet,Chinoys,5 out of 5 stars,"Rs. 4,543.00",New,2016-04-15
53_tablet,Not Available,4.5 out of 5 stars,"Rs. 4,950.00",New,2016-04-15
54_tablet,Fusion5 Tablets,5 out of 5 stars,"Rs. 13,995.00",New,2016-04-15
54_tablet,Fusion5 Tablets,5 out of 5 stars,"Rs. 13,929.00",New,2016-04-15
55_tablet,Not Available,4.5 out of 5 stars,"Rs. 3,099.00",New,2016-04-15
55_tablet,Not Available,4.5 out of 5 stars,"Rs. 3,102.00",New,2016-04-15
55_tablet,Inspire Sales,Not Available,"Rs. 4,500.00",New,2016-04-15
57_tablet,Not Available,Not Available,"Rs. 16,999.00",New,2016-04-15
58_tablet,Patel Infotech,4.5 out of 5 stars,"Rs. 72,800.00",New,2016-04-15
58_tablet,Patel Infotech,4.5 out of 5 stars,"Rs. 72,800.00",New,2016-04-15
58_tablet,Big Deals India,4 out of 5 stars,"Rs. 74,600.00",New,2016-04-15
58_tablet,Not Available,4.5 out of 5 stars,"Rs. 89,999.00",New,2016-04-15
58_tablet,Not Available,4.5 out of 5 stars,"Rs. 93,839.00",New,2016-04-15
59_tablet,World Of Gadgets,Not Available,"Rs. 3,773.55",New,2016-04-15
60_tablet,online 24*7,3.5 out of 5 stars,"Rs. 9,280.00",New,2016-04-15
60_tablet,Not Available,4.5 out of 5 stars,"Rs. 9,299.00",New,2016-04-15
61_tablet,TECHONOMICS INDIA,4 out of 5 stars,"Rs. 28,698.00",New,2016-04-15
61_tablet,APPLE TERMINAL,5 out of 5 stars,"Rs. 28,700.00",New,2016-04-15
61_tablet,Not Available,5 out of 5 stars,"Rs. 28,900.00",New,2016-04-15
61_tablet,Trends Deals,Not Available,"Rs. 28,899.00",New,2016-04-15
61_tablet,Not Available,4.5 out of 5 stars,"Rs. 31,638.00",New,2016-04-15
61_tablet,Not Available,4.5 out of 5 stars,"Rs. 31,638.00",New,2016-04-15
62_tablet,World Of Gadgets,Not Available,"Rs. 3,965.00",New,2016-04-15
62_tablet,What's New,3 out of 5 stars,"Rs. 3,990.00",New,2016-04-15
63_tablet,SMART_INDIA_SELLER,5 out of 5 stars,"Rs. 9,099.00",New,2016-04-15
63_tablet,SCPL SLP,4.5 out of 5 stars,"Rs. 9,248.00",New,2016-04-15
63_tablet,Not Available,4.5 out of 5 stars,"Rs. 9,248.00",New,2016-04-15
63_tablet,Not Available,4.5 out of 5 stars,"Rs. 9,249.00",New,2016-04-15
63_tablet,Not Available,4.5 out of 5 stars,"Rs. 9,250.00",New,2016-04-15
63_tablet,Not Available,4 out of 5 stars,"Rs. 9,250.00",New,2016-04-15
63_tablet,Not Available,4.5 out of 5 stars,"Rs. 9,250.00",New,2016-04-15
63_tablet,AON-FBA-SLP,4 out of 5 stars,"Rs. 9,250.00",New,2016-04-15
63_tablet,STAR INC_SLP,4 out of 5 stars,"Rs. 9,250.00",New,2016-04-15
63_tablet,SHREE GANESH MOBILES HYD SLC,4.5 out of 5 stars,"Rs. 9,250.00",New,2016-04-15
64_tablet,Kumar Retail,4.5 out of 5 stars,"Rs. 7,999.00",New,2016-04-15
64_tablet,Rage The Latest,3.5 out of 5 stars,"Rs. 8,299.00",New,2016-04-15
64_tablet,Not Available,4.5 out of 5 stars,"Rs. 8,499.00",New,2016-04-15
64_tablet,Navkar Agencies,Not Available,"Rs. 8,500.00",New,2016-04-15
64_tablet,Not Available,4.5 out of 5 stars,"Rs. 8,999.00",New,2016-04-15
64_tablet,tagra mobile house,Not Available,"Rs. 10,000.00",New,2016-04-15
64_tablet,AMIT COMMUNICATION,Not Available,"Rs. 9,799.00",New,2016-04-15
64_tablet,Astric Computers (i) Pvt Ltd,Not Available,"Rs. 10,185.00",New,2016-04-15
64_tablet,R.J.COMPUTERS,4 out of 5 stars,"Rs. 10,600.00",New,2016-04-15
64_tablet,Computertronics Dot Com,Not Available,"Rs. 10,990.00",New,2016-04-15
65_tablet,Fabimpex,3 out of 5 stars,"Rs. 3,499.00",New,2016-04-15
65_tablet,SUNDRI,2.5 out of 5 stars,"Rs. 3,499.00",New,2016-04-15
66_tablet,Deals Amazing,4 out of 5 stars,"Rs. 8,995.00",New,2016-04-15
66_tablet,Not Available,4.5 out of 5 stars,"Rs. 8,999.00",New,2016-04-15
70_tablet,Not Available,4.5 out of 5 stars,"Rs. 38,799.00",New,2016-04-15
70_tablet,Not Available,4.5 out of 5 stars,"Rs. 38,750.00",New,2016-04-15
70_tablet,Not Available,4.5 out of 5 stars,"Rs. 40,384.00",New,2016-04-15
70_tablet,Not Available,4.5 out of 5 stars,"Rs. 41,998.00",New,2016-04-15
70_tablet,TECHONOMICS INDIA,4 out of 5 stars,"Rs. 41,999.00",New,2016-04-15
70_tablet,Not Available,4.5 out of 5 stars,"Rs. 41,999.00",New,2016-04-15
70_tablet,Not Available,4.5 out of 5 stars,"Rs. 41,999.00",New,2016-04-15
70_tablet,Not Available,4.5 out of 5 stars,"Rs. 41,999.00",New,2016-04-15
70_tablet,Not Available,4.5 out of 5 stars,"Rs. 43,275.00",New,2016-04-15
72_tablet,NEEL ENTERPRISES,3.5 out of 5 stars,"Rs. 5,720.00",New,2016-04-15
72_tablet,shri vardhman electronics raipur,Not Available,"Rs. 5,700.00",New,2016-04-15
72_tablet,Not Available,4.5 out of 5 stars,"Rs. 5,999.00",New,2016-04-15
72_tablet,Not Available,4.5 out of 5 stars,"Rs. 6,189.00",New,2016-04-15
74_tablet,TECHONOMICS INDIA,4 out of 5 stars,"Rs. 35,599.00",New,2016-04-15
74_tablet,APPLE TERMINAL,5 out of 5 stars,"Rs. 35,800.00",New,2016-04-15
74_tablet,Not Available,5 out of 5 stars,"Rs. 35,900.00",New,2016-04-15
75_tablet,Deals Amazing,4 out of 5 stars,"Rs. 8,248.00",New,2016-04-15
75_tablet,Not Available,4.5 out of 5 stars,"Rs. 8,249.00",New,2016-04-15
75_tablet,ALLMOBILEPHONES,3.5 out of 5 stars,"Rs. 15,500.00",New,2016-04-15
76_tablet,Not Available,4.5 out of 5 stars,"Rs. 7,529.00",New,2016-04-15
76_tablet,Not Available,4.5 out of 5 stars,"Rs. 7,629.00",New,2016-04-15
76_tablet,Not Available,4.5 out of 5 stars,"Rs. 11,605.00",New,2016-04-15
76_tablet,intouch2016,2 out of 5 stars,"Rs. 11,410.00",New,2016-04-15
77_tablet,Z World Electronics,4 out of 5 stars,"Rs. 3,999.00",New,2016-04-15
78_tablet,World Of Gadgets,Not Available,"Rs. 2,974.35",New,2016-04-15
78_tablet,What's New,3 out of 5 stars,"Rs. 2,990.00",New,2016-04-15
80_tablet,G3T,2.5 out of 5 stars,"Rs. 3,500.00",New,2016-04-15
81_tablet,Fabimpex,3 out of 5 stars,"Rs. 3,949.00",New,2016-04-15
81_tablet,SUNDRI,2.5 out of 5 stars,"Rs. 3,999.00",New,2016-04-15
83_tablet,SUPER DEALS  24X7,4.5 out of 5 stars,"Rs. 5,799.00",New,2016-04-15
83_tablet,NEXGEN COMMUNICATION,Not Available,"Rs. 7,450.00",New,2016-04-15
84_tablet,EISPL,1 out of 5 stars,"Rs. 5,600.00",New,2016-04-15
84_tablet,Deals Amazing,4 out of 5 stars,"Rs. 5,798.00",New,2016-04-15
84_tablet,Not Available,4.5 out of 5 stars,"Rs. 5,798.00",New,2016-04-15
84_tablet,EasyBuy-SLP,4.5 out of 5 stars,"Rs. 5,799.00",New,2016-04-15
84_tablet,EDUVILLE PRIVATE LIMITED STORE,1 out of 5 stars,"Rs. 5,955.00",New,2016-04-15
84_tablet,Lap n Tab Store,1 out of 5 stars,"Rs. 5,850.00",New,2016-04-15
85_tablet,SudershanElectronics,Not Available,"Rs. 12,500.00",New,2016-04-15
85_tablet,Shopping Jinni,1 out of 5 stars,"Rs. 13,699.00",New,2016-04-15
86_tablet,Not Available,4.5 out of 5 stars,"Rs. 2,999.00",New,2016-04-15
86_tablet,Eleven Studios,4 out of 5 stars,"Rs. 2,999.00",New,2016-04-15
88_tablet,Not Available,4.5 out of 5 stars,"Rs. 30,500.00",New,2016-04-15
88_tablet,TECHONOMICS INDIA,4 out of 5 stars,"Rs. 30,875.00",New,2016-04-15
88_tablet,Not Available,5 out of 5 stars,"Rs. 30,900.00",New,2016-04-15
89_tablet,D ROCKS,4 out of 5 stars,"Rs. 6,395.00",New,2016-04-15
89_tablet,Not Available,4.5 out of 5 stars,"Rs. 6,400.00",New,2016-04-15
89_tablet,lowpriceshoppee,Not Available,"Rs. 9,900.00",New,2016-04-15
90_tablet,Not Available,4 out of 5 stars,"Rs. 4,875.00",New,2016-04-15
90_tablet,Mobile Ghar,1 out of 5 stars,"Rs. 6,200.00",New,2016-04-15
91_tablet,intouch2016,2 out of 5 stars,"Rs. 9,575.00",New,2016-04-15
92_tablet,Victorious Techno,4.5 out of 5 stars,"Rs. 47,497.00",New,2016-04-15
92_tablet,EasyBuy-SLP,4.5 out of 5 stars,"Rs. 47,499.00",New,2016-04-15
92_tablet,Big Lion Deals,4 out of 5 stars,"Rs. 47,500.00",New,2016-04-15
92_tablet,TECHONOMICS INDIA,4 out of 5 stars,"Rs. 47,599.00",New,2016-04-15
92_tablet,Not Available,4.5 out of 5 stars,"Rs. 47,725.00",New,2016-04-15
92_tablet,APPLE TERMINAL,5 out of 5 stars,"Rs. 49,000.00",New,2016-04-15
92_tablet,Not Available,4.5 out of 5 stars,"Rs. 50,600.00",New,2016-04-15
92_tablet,Notronics,Not Available,"Rs. 51,289.00",New,2016-04-15
92_tablet,Notronics,Not Available,"Rs. 51,289.00",New,2016-04-15
92_tablet,Not Available,5 out of 5 stars,"Rs. 52,690.00",New,2016-04-15
94_tablet,Veestyle,2.5 out of 5 stars,"Rs. 33,995.00",New,2016-04-15
94_tablet,Not Available,4.5 out of 5 stars,"Rs. 34,499.00",New,2016-04-15
94_tablet,Not Available,4.5 out of 5 stars,"Rs. 34,699.00",New,2016-04-15
94_tablet,RacyBoy,4 out of 5 stars,"Rs. 35,000.00",New,2016-04-15
94_tablet,EasyBuy-SLP,4.5 out of 5 stars,"Rs. 35,954.00",New,2016-04-15
94_tablet,Not Available,4.5 out of 5 stars,"Rs. 39,800.00",New,2016-04-15
95_tablet,Not Available,4 out of 5 stars,"Rs. 9,250.00",New,2016-04-15
95_tablet,Not Available,4 out of 5 stars,"Rs. 9,250.00",New,2016-04-15
95_tablet,Sabrimala Leasing and Holdings Limited_SLP,4 out of 5 stars,"Rs. 9,250.00",New,2016-04-15
95_tablet,STAR INC_SLP,4 out of 5 stars,"Rs. 9,250.00",New,2016-04-15
95_tablet,Not Available,4.5 out of 5 stars,"Rs. 9,250.00",New,2016-04-15
95_tablet,SCPL SLP,4.5 out of 5 stars,"Rs. 9,250.00",New,2016-04-15
95_tablet,Not Available,4.5 out of 5 stars,"Rs. 9,250.00",New,2016-04-15
95_tablet,Not Available,4 out of 5 stars,"Rs. 9,250.00",New,2016-04-15
95_tablet,AON-FBA-SLP,4 out of 5 stars,"Rs. 9,250.00",New,2016-04-15
95_tablet,Not Available,4.5 out of 5 stars,"Rs. 9,250.00",New,2016-04-15
98_tablet,Compras_SLP,4.5 out of 5 stars,"Rs. 6,789.00",New,2016-04-15
98_tablet,SUPER DEALS  24X7,4.5 out of 5 stars,"Rs. 6,789.00",New,2016-04-15
98_tablet,Sabrimala Leasing and Holdings Limited_SLP,4 out of 5 stars,"Rs. 7,197.00",New,2016-04-15
98_tablet,Not Available,4.5 out of 5 stars,"Rs. 7,250.00",New,2016-04-15
98_tablet,BIG RETAIL,4 out of 5 stars,"Rs. 8,302.00",New,2016-04-15
98_tablet,W-Tech,Not Available,"Rs. 8,400.00",New,2016-04-15
98_tablet,Not Available,4.5 out of 5 stars,"Rs. 8,980.00",New,2016-04-15
98_tablet,Not Available,5 out of 5 stars,"Rs. 8,989.00",New,2016-04-15
98_tablet,INFINITE DEALS,Not Available,"Rs. 8,999.00",New,2016-04-15
98_tablet,NETLINK DISTRIBUTORS,Not Available,"Rs. 9,300.00",New,2016-04-15
99_tablet,Not Available,4.5 out of 5 stars,"Rs. 3,775.00",New,2016-04-15
99_tablet,Not Available,4.5 out of 5 stars,"Rs. 3,999.00",New,2016-04-15
99_tablet,Not Available,4 out of 5 stars,"Rs. 6,199.00",New,2016-04-15
99_tablet,TECHFORMER,2 out of 5 stars,"Rs. 8,499.00",New,2016-04-15
100_tablet,MOBILE POINT 3,Not Available,"Rs. 5,000.00",New,2016-04-15
100_tablet,P.P COMMERCIAL CO.,Not Available,"Rs. 5,555.00",New,2016-04-15
100_tablet,ZILLPIX,Not Available,"Rs. 6,999.00",New,2016-04-15
100_tablet,SKML MOBILE SHOPPE,Not Available,"Rs. 5,700.00",New,2016-04-15
102_tablet,Not Available,4.5 out of 5 stars,"Rs. 13,100.00",New,2016-04-15
102_tablet,e9accessories,4.5 out of 5 stars,"Rs. 13,100.00",New,2016-04-15
102_tablet,R.J.COMPUTERS,4 out of 5 stars,"Rs. 15,700.00",New,2016-04-15
102_tablet,Computertronics Dot Com,Not Available,"Rs. 16,990.00",New,2016-04-15
104_tablet,Baba Computers,3.5 out of 5 stars,"Rs. 4,800.00",New,2016-04-15
106_tablet,Not Available,4.5 out of 5 stars,"Rs. 7,399.00",New,2016-04-15
106_tablet,Not Available,4.5 out of 5 stars,"Rs. 7,425.00",New,2016-04-15
106_tablet,Not Available,4.5 out of 5 stars,"Rs. 7,429.00",New,2016-04-15
106_tablet,Tharakan Duty Paid,3.5 out of 5 stars,"Rs. 7,300.00",New,2016-04-15
106_tablet,RK Ent.,Not Available,"Rs. 7,499.00",New,2016-04-15
106_tablet,vijayasaienterprises,3.5 out of 5 stars,"Rs. 7,499.00",New,2016-04-15
106_tablet,Not Available,4.5 out of 5 stars,"Rs. 7,999.00",New,2016-04-15
106_tablet,mobilecafe online,5 out of 5 stars,"Rs. 8,200.00",New,2016-04-15
107_tablet,British Camera Store,Not Available,"Rs. 9,200.00",New,2016-04-15
110_tablet,ecomstars,4 out of 5 stars,"Rs. 4,999.00",Refurbished,2016-04-15
111_tablet,Not Available,4.5 out of 5 stars,"Rs. 23,590.00",New,2016-04-15
111_tablet,RacyBoy,4 out of 5 stars,"Rs. 27,000.00",New,2016-04-15
111_tablet,Not Available,4.5 out of 5 stars,"Rs. 27,900.00",New,2016-04-15
112_tablet,Not Available,3 out of 5 stars,"Rs. 2,952.00",New,2016-04-15
112_tablet,Not Available,4.5 out of 5 stars,"Rs. 2,957.00",New,2016-04-15
112_tablet,Not Available,4.5 out of 5 stars,"Rs. 3,024.42",New,2016-04-15
112_tablet,Not Available,4.5 out of 5 stars,"Rs. 3,087.00",New,2016-04-15
112_tablet,Not Available,5 out of 5 stars,"Rs. 5,019.00",New,2016-04-15
112_tablet,Not Available,4.5 out of 5 stars,"Rs. 5,595.00",New,2016-04-15
113_tablet,Not Available,3.5 out of 5 stars,"Rs. 3,859.00",New,2016-04-15
113_tablet,Basetronix,Not Available,"Rs. 3,899.00",New,2016-04-15
116_tablet,Navkar Agencies,Not Available,"Rs. 13,500.00",New,2016-04-15
117_tablet,Not Available,4.5 out of 5 stars,"Rs. 57,900.00",New,2016-04-15
117_tablet,Not Available,4.5 out of 5 stars,"Rs. 57,900.00",New,2016-04-15
117_tablet,Not Available,4.5 out of 5 stars,"Rs. 66,750.00",New,2016-04-15
117_tablet,TECHONOMICS INDIA,4 out of 5 stars,"Rs. 66,995.00",New,2016-04-15
117_tablet,APPLE TERMINAL,5 out of 5 stars,"Rs. 67,500.00",New,2016-04-15
117_tablet,CaymanSquare,4.5 out of 5 stars,"Rs. 69,900.00",New,2016-04-15
118_tablet,APPLE TERMINAL,5 out of 5 stars,"Rs. 28,800.00",New,2016-04-15
118_tablet,TECHONOMICS INDIA,4 out of 5 stars,"Rs. 28,899.00",New,2016-04-15
118_tablet,Not Available,5 out of 5 stars,"Rs. 28,900.00",New,2016-04-15
118_tablet,Not Available,4.5 out of 5 stars,"Rs. 30,154.00",New,2016-04-15
119_tablet,Winter Park,4 out of 5 stars,"Rs. 5,790.00",New,2016-04-15
119_tablet,SwastikNx,4 out of 5 stars,"Rs. 5,790.00",New,2016-04-15
119_tablet,intouch2016,2 out of 5 stars,"Rs. 6,335.00",New,2016-04-15
119_tablet,Miracle Systems,2.5 out of 5 stars,"Rs. 7,649.00",New,2016-04-15
119_tablet,Rain Mobile House,Not Available,"Rs. 7,999.00",New,2016-04-15
119_tablet,Computer 2000,3.5 out of 5 stars,"Rs. 7,999.00",New,2016-04-15
119_tablet,SMS COMPUTERS,Not Available,"Rs. 7,999.00",New,2016-04-15
120_tablet,Patel Infotech,4.5 out of 5 stars,"Rs. 72,800.00",New,2016-04-15
120_tablet,Not Available,4.5 out of 5 stars,"Rs. 98,497.00",New,2016-04-15
121_tablet,Not Available,4.5 out of 5 stars,"Rs. 8,580.00",New,2016-04-15
121_tablet,2solanki9094371024,3.5 out of 5 stars,"Rs. 14,999.00",New,2016-04-15
124_tablet,DealsDray,4 out of 5 stars,"Rs. 4,990.00",New,2016-04-15
124_tablet,Kris Technologies,Not Available,"Rs. 11,298.00",New,2016-04-15
127_tablet,A V VENTURES,Not Available,"Rs. 4,490.00",New,2016-04-15
131_tablet,Not Available,4.5 out of 5 stars,"Rs. 5,388.00",New,2016-04-15
131_tablet,GURSAHIB COMMUNICATION,3 out of 5 stars,"Rs. 5,300.00",New,2016-04-15
131_tablet,Computer 2000,3.5 out of 5 stars,"Rs. 5,600.00",New,2016-04-15
131_tablet,Not Available,4.5 out of 5 stars,"Rs. 5,490.00",New,2016-04-15
131_tablet,SMS COMPUTERS,Not Available,"Rs. 7,299.00",New,2016-04-15
131_tablet,CREATIVE COMPUTER,Not Available,"Rs. 7,299.00",New,2016-04-15
132_tablet,RacyBoy,4 out of 5 stars,"Rs. 26,900.00",New,2016-04-15
133_tablet,TECHONOMICS INDIA,4 out of 5 stars,"Rs. 35,890.00",New,2016-04-15
133_tablet,Not Available,5 out of 5 stars,"Rs. 35,900.00",New,2016-04-15
133_tablet,EasyBuy-SLP,4.5 out of 5 stars,"Rs. 35,900.00",New,2016-04-15
133_tablet,Not Available,4.5 out of 5 stars,"Rs. 39,484.00",New,2016-04-15
134_tablet,Not Available,5 out of 5 stars,"Rs. 35,900.00",New,2016-04-15
134_tablet,Not Available,4.5 out of 5 stars,"Rs. 37,452.00",New,2016-04-15
135_tablet,Not Available,4 out of 5 stars,"Rs. 4,490.00",New,2016-04-15
135_tablet,Not Available,4.5 out of 5 stars,"Rs. 4,750.00",New,2016-04-15
135_tablet,ramsyamenterprises,Not Available,"Rs. 4,950.00",New,2016-04-15
135_tablet,R D smart,Not Available,"Rs. 5,800.00",New,2016-04-15
135_tablet,S R MOBILES,Not Available,"Rs. 5,999.00",New,2016-04-15
135_tablet,Nakodaenterprises,Not Available,"Rs. 6,990.00",New,2016-04-15
136_tablet,Shivam Enterprise,4.5 out of 5 stars,"Rs. 5,050.00",New,2016-04-15
136_tablet,Seller No. 1,4 out of 5 stars,"Rs. 5,050.00",New,2016-04-15
136_tablet,Not Available,4.5 out of 5 stars,"Rs. 5,050.00",New,2016-04-15
137_tablet,Not Available,4.5 out of 5 stars,"Rs. 5,250.00",New,2016-04-15
137_tablet,A deal 4 u,4.5 out of 5 stars,"Rs. 5,250.00",New,2016-04-15
137_tablet,Not Available,4.5 out of 5 stars,"Rs. 5,750.00",New,2016-04-15
137_tablet,Not Available,4.5 out of 5 stars,"Rs. 5,999.00",New,2016-04-15
137_tablet,Sunshine computers,1 out of 5 stars,"Rs. 6,000.00",New,2016-04-15
137_tablet,Not Available,4.5 out of 5 stars,"Rs. 6,189.00",New,2016-04-15
137_tablet,Not Available,4.5 out of 5 stars,"Rs. 6,325.00",New,2016-04-15
137_tablet,Not Available,4.5 out of 5 stars,"Rs. 6,699.00",New,2016-04-15
137_tablet,RADHIKA GARMENTS,Not Available,"Rs. 6,700.00",New,2016-04-15
137_tablet,Alif Multi Brand,Not Available,"Rs. 6,999.00",New,2016-04-15
139_tablet,Mobile Hub M,5 out of 5 stars,"Rs. 8,299.00",New,2016-04-15
139_tablet,mobilearena,3.5 out of 5 stars,"Rs. 8,500.00",New,2016-04-15
139_tablet,INFINITE DEALS,Not Available,"Rs. 9,399.00",New,2016-04-15
139_tablet,BIG RETAIL,4 out of 5 stars,"Rs. 9,629.00",New,2016-04-15
140_tablet,Fabimpex,3 out of 5 stars,"Rs. 3,499.00",New,2016-04-15
140_tablet,SUNDRI,2.5 out of 5 stars,"Rs. 3,799.00",New,2016-04-15
143_tablet,V Connect Enterprises,Not Available,"Rs. 6,151.58",New,2016-04-15
143_tablet,smartcellmumbai,2.5 out of 5 stars,"Rs. 6,290.00",New,2016-04-15
143_tablet,Surya Mobiles & Paradise,Not Available,"Rs. 6,449.00",New,2016-04-15
143_tablet,SCSM,Not Available,"Rs. 6,300.00",New,2016-04-15
144_tablet,BEST BUY PRICES,3 out of 5 stars,"Rs. 14,800.00",New,2016-04-15
144_tablet,SudershanElectronics,Not Available,"Rs. 14,960.00",New,2016-04-15
144_tablet,Not Available,4.5 out of 5 stars,"Rs. 15,200.00",New,2016-04-15
145_tablet,Patel Infotech,4.5 out of 5 stars,"Rs. 85,000.00",New,2016-04-15
145_tablet,Patel Infotech,4.5 out of 5 stars,"Rs. 85,000.00",New,2016-04-15
148_tablet,WIKI M,Not Available,"Rs. 9,999.00",New,2016-04-15
148_tablet,tagra mobile house,Not Available,"Rs. 12,000.00",New,2016-04-15
148_tablet,jaiz,5 out of 5 stars,"Rs. 14,799.00",New,2016-04-15
148_tablet,Not Available,Not Available,"Rs. 15,210.00",New,2016-04-15
149_tablet,Not Available,4.5 out of 5 stars,"Rs. 3,800.00",New,2016-04-15
149_tablet,Not Available,4.5 out of 5 stars,"Rs. 3,827.00",New,2016-04-15
149_tablet,keonline,Not Available,"Rs. 7,800.00",New,2016-04-15
150_tablet,shri vardhman electronics raipur,Not Available,"Rs. 11,000.00",New,2016-04-15
150_tablet,Express Delivery Retail,4.5 out of 5 stars,"Rs. 11,299.00",New,2016-04-15
151_tablet,SRI RAKESH ENTERPRISES,1 out of 5 stars,"Rs. 5,499.00",New,2016-04-15
152_tablet,DOSHI ENTERPRISE,Not Available,"Rs. 19,999.00",New,2016-04-15
153_tablet,Not Available,4 out of 5 stars,"Rs. 14,999.00",New,2016-04-15
153_tablet,Not Available,4.5 out of 5 stars,"Rs. 14,999.00",New,2016-04-15
154_tablet,Victorious Techno,4.5 out of 5 stars,"Rs. 55,899.00",New,2016-04-15
154_tablet,TECHONOMICS INDIA,4 out of 5 stars,"Rs. 55,900.00",New,2016-04-15
154_tablet,Not Available,4.5 out of 5 stars,"Rs. 58,900.00",New,2016-04-15
154_tablet,Not Available,5 out of 5 stars,"Rs. 58,890.00",New,2016-04-15
154_tablet,CaymanSquare,4.5 out of 5 stars,"Rs. 59,900.00",New,2016-04-15
157_tablet,ecomstars,4 out of 5 stars,"Rs. 5,999.00",Refurbished,2016-04-15
158_tablet,TECHONOMICS INDIA,4 out of 5 stars,"Rs. 33,490.00",New,2016-04-15
158_tablet,Not Available,4.5 out of 5 stars,"Rs. 33,495.00",New,2016-04-15
158_tablet,Not Available,4.5 out of 5 stars,"Rs. 33,990.00",New,2016-04-15
158_tablet,EasyBuy-SLP,4.5 out of 5 stars,"Rs. 34,310.00",New,2016-04-15
159_tablet,Not Available,4.5 out of 5 stars,"Rs. 8,899.00",New,2016-04-15
159_tablet,Not Available,4.5 out of 5 stars,"Rs. 8,990.00",New,2016-04-15
159_tablet,Unique@Seller-FBA-SLP,4.5 out of 5 stars,"Rs. 9,049.00",New,2016-04-15
160_tablet,Big Deals India,4 out of 5 stars,"Rs. 33,900.00",New,2016-04-15
160_tablet,Not Available,4.5 out of 5 stars,"Rs. 72,520.00",New,2016-04-15
161_tablet,Seller No. 1,4 out of 5 stars,"Rs. 8,899.00",New,2016-04-15
161_tablet,COMPUTER ZONE.,Not Available,"Rs. 13,112.00",New,2016-04-15
161_tablet,SwastikNx,4 out of 5 stars,"Rs. 13,500.00",New,2016-04-15
161_tablet,Bansal Stanmart,3.5 out of 5 stars,"Rs. 15,400.00",New,2016-04-15
161_tablet,ADVANCE  ELECTRONICS,Not Available,"Rs. 16,999.00",New,2016-04-15
161_tablet,SMS COMPUTERS,Not Available,"Rs. 16,999.00",New,2016-04-15
162_tablet,Not Available,4.5 out of 5 stars,"Rs. 31,000.00",New,2016-04-15
162_tablet,RacyBoy,4 out of 5 stars,"Rs. 31,890.00",New,2016-04-15
163_tablet,Winter Park,4 out of 5 stars,"Rs. 5,099.00",New,2016-04-15
163_tablet,Sunil745,Not Available,"Rs. 5,200.00",New,2016-04-15
163_tablet,Smaish,2.5 out of 5 stars,"Rs. 5,799.00",New,2016-04-15
163_tablet,LXRETAIL,Not Available,"Rs. 7,999.00",New,2016-04-15
163_tablet,Bang Enterprises,1 out of 5 stars,"Rs. 6,050.00",New,2016-04-15
164_tablet,surpluss store,4 out of 5 stars,"Rs. 45,130.00",Refurbished,2016-04-15
165_tablet,intouch2016,2 out of 5 stars,"Rs. 7,415.00",New,2016-04-15
165_tablet,SwastikNx,4 out of 5 stars,"Rs. 8,000.00",New,2016-04-15
165_tablet,Miracle Systems,2.5 out of 5 stars,"Rs. 8,350.00",New,2016-04-15
166_tablet,Not Available,4.5 out of 5 stars,"Rs. 41,899.00",New,2016-04-15
166_tablet,Not Available,4.5 out of 5 stars,"Rs. 42,289.00",New,2016-04-15
166_tablet,Not Available,4 out of 5 stars,"Rs. 42,290.00",New,2016-04-15
166_tablet,Not Available,4.5 out of 5 stars,"Rs. 42,484.00",New,2016-04-15
166_tablet,Not Available,4.5 out of 5 stars,"Rs. 42,500.00",New,2016-04-15
166_tablet,Not Available,4.5 out of 5 stars,"Rs. 42,890.00",New,2016-04-15
166_tablet,Not Available,5 out of 5 stars,"Rs. 45,695.00",New,2016-04-15
166_tablet,Not Available,4.5 out of 5 stars,"Rs. 45,900.00",New,2016-04-15
167_tablet,NEXGEN COMMUNICATION,Not Available,"Rs. 10,550.00",New,2016-04-15
168_tablet,surpluss store,4 out of 5 stars,"Rs. 45,130.00",Refurbished,2016-04-15
169_tablet,Not Available,3.5 out of 5 stars,"Rs. 3,997.00",New,2016-04-15
170_tablet,Not Available,4 out of 5 stars,"Rs. 7,490.00",New,2016-04-15
171_tablet,Mobile Hub M,5 out of 5 stars,"Rs. 6,951.00",New,2016-04-15
171_tablet,WIKI M,Not Available,"Rs. 6,999.00",New,2016-04-15
171_tablet,Dev Online,Not Available,"Rs. 8,990.00",New,2016-04-15
171_tablet,Parvati Electronics,1 out of 5 stars,"Rs. 8,605.00",New,2016-04-15
172_tablet,shri vardhman electronics raipur,Not Available,"Rs. 6,700.00",New,2016-04-15
172_tablet,Not Available,4.5 out of 5 stars,"Rs. 6,799.00",New,2016-04-15
172_tablet,Kota Estore,2.5 out of 5 stars,"Rs. 7,390.00",New,2016-04-15
172_tablet,Not Available,4.5 out of 5 stars,"Rs. 9,999.00",New,2016-04-15
175_tablet,Not Available,4.5 out of 5 stars,"Rs. 17,000.00",New,2016-04-15
175_tablet,SwastikNx,4 out of 5 stars,"Rs. 17,299.00",New,2016-04-15
175_tablet,gadgetarena,4 out of 5 stars,"Rs. 17,299.00",New,2016-04-15
177_tablet,intouch2016,2 out of 5 stars,"Rs. 10,222.00",New,2016-04-15
177_tablet,Not Available,4.5 out of 5 stars,"Rs. 11,499.00",New,2016-04-15
177_tablet,R.J.COMPUTERS,4 out of 5 stars,"Rs. 11,499.00",New,2016-04-15
178_tablet,Not Available,4.5 out of 5 stars,"Rs. 5,310.00",New,2016-04-15
178_tablet,Not Available,4.5 out of 5 stars,"Rs. 5,315.00",New,2016-04-15
178_tablet,Not Available,4 out of 5 stars,"Rs. 5,315.00",New,2016-04-15
178_tablet,Not Available,4 out of 5 stars,"Rs. 5,309.00",New,2016-04-15
178_tablet,Not Available,4.5 out of 5 stars,"Rs. 6,699.00",New,2016-04-15
180_tablet,Z World Electronics,4 out of 5 stars,"Rs. 2,999.00",New,2016-04-15
181_tablet,Rockingdeals.co,4.5 out of 5 stars,"Rs. 8,499.00",Refurbished,2016-04-15
182_tablet,Hash#Tag Products,4 out of 5 stars,"Rs. 4,499.00",New,2016-04-15
183_tablet,World Of Gadgets,Not Available,"Rs. 2,999.00",New,2016-04-15
183_tablet,Not Available,4.5 out of 5 stars,"Rs. 3,299.00",New,2016-04-15
183_tablet,Deal Com,3.5 out of 5 stars,"Rs. 3,300.00",New,2016-04-15
184_tablet,Not Available,4.5 out of 5 stars,"Rs. 13,995.00",New,2016-04-15
184_tablet,SMS COMPUTERS,Not Available,"Rs. 24,999.00",New,2016-04-15
185_tablet,Rockingdeals.co,4.5 out of 5 stars,"Rs. 8,499.00",Refurbished,2016-04-15
186_tablet,TECHONOMICS INDIA,4 out of 5 stars,"Rs. 45,899.00",New,2016-04-15
186_tablet,Not Available,4.5 out of 5 stars,"Rs. 50,234.00",New,2016-04-15
187_tablet,Not Available,4.5 out of 5 stars,"Rs. 5,559.00",New,2016-04-15
187_tablet,Not Available,4.5 out of 5 stars,"Rs. 5,723.00",New,2016-04-15
187_tablet,MAYANK ENTERPRISE,4 out of 5 stars,"Rs. 5,896.00",New,2016-04-15
187_tablet,keonline,Not Available,"Rs. 7,200.00",New,2016-04-15
188_tablet,ROSHNI TECH ZONE,5 out of 5 stars,"Rs. 8,900.00",New,2016-04-15
188_tablet,Smsoft Computers- kerala,3.5 out of 5 stars,"Rs. 9,099.00",New,2016-04-15
188_tablet,Not Available,4.5 out of 5 stars,"Rs. 9,900.00",New,2016-04-15
188_tablet,SMS COMPUTERS,Not Available,"Rs. 10,499.00",New,2016-04-15
189_tablet,Inspiron16,Not Available,"Rs. 17,855.00",New,2016-04-15
189_tablet,Not Available,4.5 out of 5 stars,"Rs. 17,899.00",New,2016-04-15
192_tablet,Yazoom,3 out of 5 stars,"Rs. 4,290.00",New,2016-04-15
193_tablet,SATRAD,Not Available,"Rs. 4,500.00",New,2016-04-15
195_tablet,Not Available,4.5 out of 5 stars,"Rs. 12,750.00",New,2016-04-15
195_tablet,Winter Park,4 out of 5 stars,"Rs. 12,885.00",New,2016-04-15
195_tablet,Techstoreindia,4.5 out of 5 stars,"Rs. 12,885.00",New,2016-04-15
195_tablet,Not Available,4.5 out of 5 stars,"Rs. 14,999.00",New,2016-04-15
196_tablet,EazeeTech,Not Available,"Rs. 3,850.00",New,2016-04-15
196_tablet,Rukmini Computers,2.5 out of 5 stars,"Rs. 3,950.00",New,2016-04-15
196_tablet,Deal Com,3.5 out of 5 stars,"Rs. 4,799.00",New,2016-04-15
196_tablet,tagra mobile house,Not Available,"Rs. 15,000.00",New,2016-04-15
197_tablet,Not Available,4.5 out of 5 stars,"Rs. 3,881.00",New,2016-04-15
197_tablet,Not Available,4.5 out of 5 stars,"Rs. 4,399.00",New,2016-04-15
199_tablet,Rockingdeals.co,4.5 out of 5 stars,"Rs. 11,799.00",Refurbished,2016-04-15
200_tablet,Not Available,4 out of 5 stars,"Rs. 8,999.00",New,2016-04-15
200_tablet,Not Available,4.5 out of 5 stars,"Rs. 9,499.00",New,2016-04-15
201_tablet,Not Available,5 out of 5 stars,"Rs. 42,900.00",New,2016-04-15
201_tablet,Notronics,Not Available,"Rs. 42,899.00",New,2016-04-15
201_tablet,Not Available,4.5 out of 5 stars,"Rs. 44,750.00",New,2016-04-15
202_tablet,TECHONOMICS INDIA,4 out of 5 stars,"Rs. 66,897.00",New,2016-04-15
202_tablet,Not Available,4.5 out of 5 stars,"Rs. 67,699.00",New,2016-04-15
204_tablet,Bansal Stanmart,3.5 out of 5 stars,"Rs. 7,900.00",New,2016-04-15
205_tablet,WIKI M,Not Available,"Rs. 4,049.00",New,2016-04-15
205_tablet,Martand Associates Varanasi,1 out of 5 stars,"Rs. 4,100.00",New,2016-04-15
206_tablet,RacyBoy,4 out of 5 stars,"Rs. 35,000.00",New,2016-04-15
207_tablet,Not Available,5 out of 5 stars,"Rs. 42,900.00",New,2016-04-15
207_tablet,Not Available,4.5 out of 5 stars,"Rs. 47,177.00",New,2016-04-15
208_tablet,Not Available,3.5 out of 5 stars,"Rs. 3,997.00",New,2016-04-15
208_tablet,Maxhimax,3 out of 5 stars,"Rs. 4,240.00",New,2016-04-15
210_tablet,Smart.Devices,Not Available,"Rs. 27,995.00",New,2016-04-15
211_tablet,e9accessories,4.5 out of 5 stars,"Rs. 9,999.00",New,2016-04-15
211_tablet,BIG B(UY),3 out of 5 stars,"Rs. 11,885.00",New,2016-04-15
211_tablet,Not Available,5 out of 5 stars,"Rs. 13,999.00",New,2016-04-15
211_tablet,INNOVATIVE DESIGN AND ELECTRONIC APPLICATION(IDEA),1 out of 5 stars,"Rs. 16,335.35",New,2016-04-15
213_tablet,Smart.Devices,Not Available,"Rs. 12,990.00",New,2016-04-15
214_tablet,Aggressive EMS,Not Available,"Rs. 4,099.00",New,2016-04-15
215_tablet,Rockingdeals.co,4.5 out of 5 stars,"Rs. 11,799.00",Refurbished,2016-04-15
217_tablet,WIKI M,Not Available,"Rs. 6,799.00",New,2016-04-15
218_tablet,Bright technologies,Not Available,"Rs. 14,300.00",New,2016-04-15
218_tablet,Winter Park,4 out of 5 stars,"Rs. 14,499.00",New,2016-04-15
218_tablet,BIG RETAIL,4 out of 5 stars,"Rs. 14,542.00",New,2016-04-15
218_tablet,Not Available,4.5 out of 5 stars,"Rs. 16,873.00",New,2016-04-15
220_tablet,RacyBoy,4 out of 5 stars,"Rs. 64,900.00",New,2016-04-15
220_tablet,Not Available,4.5 out of 5 stars,"Rs. 64,999.00",New,2016-04-15
220_tablet,Not Available,5 out of 5 stars,"Rs. 67,053.00",New,2016-04-15
220_tablet,APPLE TERMINAL,5 out of 5 stars,"Rs. 67,050.00",New,2016-04-15
220_tablet,Not Available,5 out of 5 stars,"Rs. 67,900.00",New,2016-04-15
220_tablet,CaymanSquare,4.5 out of 5 stars,"Rs. 72,900.00",New,2016-04-15
222_tablet,RacyBoy,4 out of 5 stars,"Rs. 31,890.00",New,2016-04-15
222_tablet,Not Available,4 out of 5 stars,"Rs. 31,900.00",New,2016-04-15
225_tablet,Not Available,4.5 out of 5 stars,"Rs. 6,999.00",New,2016-04-15
225_tablet,Not Available,4 out of 5 stars,"Rs. 8,999.00",New,2016-04-15
229_tablet,SUPER DEALS  24X7,4.5 out of 5 stars,"Rs. 7,890.00",New,2016-04-15
229_tablet,COMPUTER ZONE.,Not Available,"Rs. 11,234.00",New,2016-04-15
231_tablet,E2S infranet pvt.Ltd,3 out of 5 stars,"Rs. 5,699.00",New,2016-04-15
234_tablet,TECHONOMICS INDIA,4 out of 5 stars,"Rs. 38,495.00",New,2016-04-15
234_tablet,Not Available,4.5 out of 5 stars,"Rs. 40,107.00",New,2016-04-15
235_tablet,Not Available,4.5 out of 5 stars,"Rs. 10,999.00",New,2016-04-15
235_tablet,SUPER DEALS  24X7,4.5 out of 5 stars,"Rs. 10,999.00",New,2016-04-15
235_tablet,Not Available,4.5 out of 5 stars,"Rs. 12,990.00",New,2016-04-15
236_tablet,Z World Electronics,4 out of 5 stars,"Rs. 2,999.00",New,2016-04-15
236_tablet,Not Available,5 out of 5 stars,"Rs. 3,795.00",New,2016-04-15
236_tablet,Not Available,4.5 out of 5 stars,"Rs. 3,845.00",New,2016-04-15
237_tablet,vijayasaienterprises,3.5 out of 5 stars,"Rs. 7,300.00",New,2016-04-15
237_tablet,PAMIDIMARRI MOBILES,2 out of 5 stars,"Rs. 8,000.00",New,2016-04-15
238_tablet,Not Available,4.5 out of 5 stars,"Rs. 63,990.00",New,2016-04-15
238_tablet,RacyBoy,4 out of 5 stars,"Rs. 64,900.00",New,2016-04-15
238_tablet,Not Available,5 out of 5 stars,"Rs. 67,053.00",New,2016-04-15
238_tablet,Not Available,5 out of 5 stars,"Rs. 67,900.00",New,2016-04-15
239_tablet,Not Available,4.5 out of 5 stars,"Rs. 73,745.00",New,2016-04-15
239_tablet,Not Available,4.5 out of 5 stars,"Rs. 73,745.00",New,2016-04-15
239_tablet,RAJARSHI,4.5 out of 5 stars,"Rs. 73,745.00",New,2016-04-15
239_tablet,Not Available,4.5 out of 5 stars,"Rs. 73,745.00",New,2016-04-15
239_tablet,TECHPEERS,Not Available,"Rs. 73,750.00",New,2016-04-15
239_tablet,Not Available,4 out of 5 stars,"Rs. 76,000.00",New,2016-04-15
240_tablet,Not Available,4.5 out of 5 stars,"Rs. 36,990.00",New,2016-04-15
240_tablet,Not Available,4.5 out of 5 stars,"Rs. 37,899.00",New,2016-04-15
240_tablet,Not Available,4 out of 5 stars,"Rs. 38,765.00",New,2016-04-15
240_tablet,Penosoft,1 out of 5 stars,"Rs. 38,900.00",New,2016-04-15
240_tablet,Not Available,4.5 out of 5 stars,"Rs. 40,580.00",New,2016-04-15
244_tablet,Kota Estore,2.5 out of 5 stars,"Rs. 5,799.00",New,2016-04-15
245_tablet,Junction Deals,4 out of 5 stars,"Rs. 7,200.00",New,2016-04-15
247_tablet,Not Available,4 out of 5 stars,"Rs. 9,999.00",New,2016-04-15
247_tablet,CIRCUITCITY,Not Available,"Rs. 9,990.00",New,2016-04-15
250_tablet,JRG Creations,3.5 out of 5 stars,"Rs. 20,990.00",New,2016-04-15
252_tablet,Not Available,4 out of 5 stars,"Rs. 4,040.58",New,2016-04-15
254_tablet,Inspiron16,Not Available,"Rs. 34,990.00",New,2016-04-15
255_tablet,Not Available,Not Available,"Rs. 19,220.50",New,2016-04-15
256_tablet,CommBridge Solutions,Not Available,"Rs. 3,950.00",New,2016-04-15
256_tablet,VARIETY MOBILES,2 out of 5 stars,"Rs. 4,000.00",New,2016-04-15
257_tablet,APPLE TERMINAL,5 out of 5 stars,"Rs. 90,500.00",New,2016-04-15
257_tablet,Not Available,5 out of 5 stars,"Rs. 91,000.00",New,2016-04-15
257_tablet,RacyBoy,4 out of 5 stars,"Rs. 91,900.00",New,2016-04-15
257_tablet,DSS-IT WORLD,3.5 out of 5 stars,"Rs. 95,000.00",New,2016-04-15
257_tablet,Not Available,4.5 out of 5 stars,"Rs. 1,04,138.00",New,2016-04-15
258_tablet,Flipideal,Not Available,"Rs. 15,999.00",New,2016-04-15
259_tablet,Not Available,4.5 out of 5 stars,"Rs. 3,149.00",New,2016-04-15
259_tablet,Not Available,4.5 out of 5 stars,"Rs. 3,659.00",New,2016-04-15
259_tablet,Not Available,4.5 out of 5 stars,"Rs. 3,691.00",New,2016-04-15
259_tablet,Not Available,5 out of 5 stars,"Rs. 4,092.00",New,2016-04-15
260_tablet,Mindshaper Technologies Private Limited,Not Available,"Rs. 5,999.00",New,2016-04-15
261_tablet,myaddons-mipl,4.5 out of 5 stars,"Rs. 4,589.00",New,2016-04-15
262_tablet,Lokplus,Not Available,"Rs. 5,500.00",New,2016-04-15
263_tablet,WIKI M,Not Available,"Rs. 6,499.00",New,2016-04-15
264_tablet,SKYOC,4 out of 5 stars,"Rs. 5,960.00",New,2016-04-15
264_tablet,PAWAN CHAUDHARY LAVANYA ENTERPRISES,Not Available,"Rs. 5,960.00",New,2016-04-15
266_tablet,Not Available,4 out of 5 stars,"Rs. 4,990.00",New,2016-04-15
266_tablet,Z World Electronics,4 out of 5 stars,"Rs. 4,999.00",New,2016-04-15
266_tablet,Not Available,5 out of 5 stars,"Rs. 5,540.00",New,2016-04-15
267_tablet,Best Associates,5 out of 5 stars,"Rs. 51,500.00",New,2016-04-15
269_tablet,SATRAD,Not Available,"Rs. 3,690.00",New,2016-04-15
269_tablet,MOBILE POINT 3,Not Available,"Rs. 3,999.00",New,2016-04-15
270_tablet,Rockingdeals.co,4.5 out of 5 stars,"Rs. 38,999.00",Refurbished,2016-04-15
274_tablet,GURSAHIB COMMUNICATION,3 out of 5 stars,"Rs. 5,990.00",New,2016-04-15
275_tablet,DSPL,Not Available,"Rs. 13,990.00",New,2016-04-15
278_tablet,Kloudpad Mobility,Not Available,"Rs. 9,890.00",New,2016-04-15
279_tablet,ecomstars,4 out of 5 stars,"Rs. 6,999.00",Refurbished,2016-04-15
282_tablet,Aggressive EMS,Not Available,"Rs. 2,599.00",New,2016-04-15
287_tablet,Believe IT,Not Available,"Rs. 5,500.00",New,2016-04-15
292_tablet,MusicJack,3.5 out of 5 stars,"Rs. 34,240.00",New,2016-04-15
292_tablet,KARAOKE SYSTEM,Not Available,"Rs. 36,000.00",New,2016-04-15
292_tablet,Not Available,3.5 out of 5 stars,"Rs. 38,300.00",New,2016-04-15
292_tablet,Latest karaoke,5 out of 5 stars,"Rs. 38,900.00",New,2016-04-15
292_tablet,VRM Enterprise,Not Available,"Rs. 38,999.00",New,2016-04-15
293_tablet,e9accessories,4.5 out of 5 stars,"Rs. 9,999.00",New,2016-04-15
293_tablet,SISPL,5 out of 5 stars,"Rs. 10,000.00",New,2016-04-15
293_tablet,Sancomp Sales,Not Available,"Rs. 13,999.00",New,2016-04-15
295_tablet,Not Available,4 out of 5 stars,"Rs. 42,900.00",New,2016-04-15
295_tablet,Not Available,Not Available,"Rs. 50,800.00",New,2016-04-15
296_tablet,Not Available,4.5 out of 5 stars,"Rs. 7,074.00",New,2016-04-15
296_tablet,Not Available,4.5 out of 5 stars,"Rs. 7,091.00",New,2016-04-15
296_tablet,Not Available,5 out of 5 stars,"Rs. 7,999.00",New,2016-04-15
297_tablet,WIKI M,Not Available,"Rs. 6,499.00",New,2016-04-15
298_tablet,Not Available,4.5 out of 5 stars,"Rs. 2,10,593.08",New,2016-04-15
304_tablet,CIRCUITCITY,Not Available,"Rs. 12,499.00",New,2016-04-15
307_tablet,Not Available,4.5 out of 5 stars,"Rs. 65,899.00",New,2016-04-15
307_tablet,Victorious Techno,4.5 out of 5 stars,"Rs. 65,899.00",New,2016-04-15
307_tablet,Not Available,5 out of 5 stars,"Rs. 67,900.00",New,2016-04-15
308_tablet,Pahal infotech,2.5 out of 5 stars,"Rs. 13,499.00",New,2016-04-15
310_tablet,BP ESSENCE,1 out of 5 stars,"Rs. 14,999.00",New,2016-04-15
311_tablet,R.S Enterpises,Not Available,"Rs. 4,499.00",New,2016-04-15
312_tablet,arrow_powertech,Not Available,"Rs. 4,200.00",New,2016-04-15
313_tablet,e9accessories,4.5 out of 5 stars,"Rs. 14,499.00",New,2016-04-15
313_tablet,SISPL,5 out of 5 stars,"Rs. 16,549.00",New,2016-04-15
313_tablet,Sancomp Sales,Not Available,"Rs. 20,999.00",New,2016-04-15
315_tablet,Analogics,1 out of 5 stars,"Rs. 32,049.00",New,2016-04-15
316_tablet,Not Available,Not Available,"Rs. 51,900.00",New,2016-04-15
317_tablet,INNOVATIVE DESIGN AND ELECTRONIC APPLICATION(IDEA),1 out of 5 stars,"Rs. 64,999.00",New,2016-04-15
317_tablet,INNOVATIVE DESIGN AND ELECTRONIC APPLICATION(IDEA),1 out of 5 stars,"Rs. 64,999.00",New,2016-04-15
317_tablet,INNOVATIVE DESIGN AND ELECTRONIC APPLICATION(IDEA),1 out of 5 stars,"Rs. 64,999.00",New,2016-04-15
318_tablet,myaddons-mipl,4.5 out of 5 stars,"Rs. 5,599.00",New,2016-04-15
319_tablet,smartcellmumbai,2.5 out of 5 stars,"Rs. 6,449.00",New,2016-04-15
320_tablet,Mindshaper Technologies Private Limited,Not Available,"Rs. 5,999.00",New,2016-04-15
321_tablet,Mindshaper Technologies Private Limited,Not Available,"Rs. 5,999.00",New,2016-04-15
322_tablet,Mindshaper Technologies Private Limited,Not Available,"Rs. 5,999.00",New,2016-04-15
323_tablet,Mindshaper Technologies Private Limited,Not Available,"Rs. 5,999.00",New,2016-04-15
324_tablet,Mindshaper Technologies Private Limited,Not Available,"Rs. 5,999.00",New,2016-04-15
325_tablet,Mindshaper Technologies Private Limited,Not Available,"Rs. 5,999.00",New,2016-04-15
326_tablet,Mindshaper Technologies Private Limited,Not Available,"Rs. 5,999.00",New,2016-04-15
327_tablet,Mindshaper Technologies Private Limited,Not Available,"Rs. 5,999.00",New,2016-04-15
328_tablet,Mindshaper Technologies Private Limited,Not Available,"Rs. 5,999.00",New,2016-04-15
329_tablet,Smart.Devices,Not Available,"Rs. 22,495.00",New,2016-04-15
330_tablet,Faizuls Communications,5 out of 5 stars,"Rs. 3,849.00",New,2016-04-15
331_tablet,Amosta India,Not Available,"Rs. 4,999.00",New,2016-04-15
331_tablet,trinityeshop,4 out of 5 stars,"Rs. 5,990.00",New,2016-04-15
332_tablet,Amosta India,Not Available,"Rs. 4,999.00",New,2016-04-15
332_tablet,trinityeshop,4 out of 5 stars,"Rs. 5,990.00",New,2016-04-15
333_tablet,Not Available,5 out of 5 stars,"Rs. 7,743.00",New,2016-04-15
334_tablet,EMART ONLINE SHOPPING,5 out of 5 stars,"Rs. 3,999.00",New,2016-04-15
335_tablet,EMART ONLINE SHOPPING,5 out of 5 stars,"Rs. 3,999.00",New,2016-04-15
336_tablet,SUPER DEALS  24X7,4.5 out of 5 stars,"Rs. 4,998.00",New,2016-04-15
336_tablet,Winter Park,4 out of 5 stars,"Rs. 5,349.00",New,2016-04-15
340_tablet,Baba Computers,3.5 out of 5 stars,"Rs. 5,000.00",New,2016-04-15
341_tablet,Baba Computers,3.5 out of 5 stars,"Rs. 5,000.00",New,2016-04-15
342_tablet,Victor Electronics chennai,Not Available,"Rs. 36,000.00",New,2016-04-15
343_tablet,cellphonebadloo,4 out of 5 stars,"Rs. 73,500.00",New,2016-04-15
343_tablet,RacyBoy,4 out of 5 stars,"Rs. 73,900.00",New,2016-04-15
345_tablet,Not Available,4 out of 5 stars,"Rs. 7,200.00",New,2016-04-15
346_tablet,CIRCUIT BOARD,4 out of 5 stars,"Rs. 12,990.00",New,2016-04-15
346_tablet,Not Available,4 out of 5 stars,"Rs. 11,494.50",New,2016-04-15
347_tablet,CIRCUIT BOARD,4 out of 5 stars,"Rs. 12,990.00",New,2016-04-15
347_tablet,Not Available,4 out of 5 stars,"Rs. 10,994.50",New,2016-04-15
348_tablet,Shrih Trading Co,Not Available,"Rs. 9,000.00",New,2016-04-15
349_tablet,Shrih Trading Co,Not Available,"Rs. 12,000.00",New,2016-04-15
350_tablet,Shrih Trading Co,Not Available,"Rs. 12,999.00",New,2016-04-15
351_tablet,Shrih Trading Co,Not Available,"Rs. 9,000.00",New,2016-04-15
352_tablet,Skytel Networks Ltd.,Not Available,"Rs. 18,000.00",New,2016-04-15
353_tablet,NOYBL INFOTECH PRIVATE LIMITED,Not Available,"Rs. 6,499.00",New,2016-04-15
354_tablet,Smart.Devices,Not Available,"Rs. 14,490.00",New,2016-04-15
355_tablet,Smart.Devices,Not Available,"Rs. 23,995.00",New,2016-04-15
359_tablet,Z World Electronics,4 out of 5 stars,"Rs. 2,699.00",New,2016-04-15
359_tablet,Not Available,5 out of 5 stars,"Rs. 3,499.00",New,2016-04-15
360_tablet,Not Available,4 out of 5 stars,"Rs. 3,499.00",New,2016-04-15
